b_pubid,b_sourceid,id,b_matchgrp,b_xgrp,normalized_first_name,normalized_last_name,member_id,date_of_birth,normalized_street,normalized_city,normalized_state,addpostal_code,addcountry,cleansed_email,standardized_phone
CRM,1376294,10019,11,,ray,amason,933-15-1090,1975-12-16,3 DEPOT ST,WAPAKONETA,OHIO,45665,US,rey@amason.com,
MKT,1380884,10219,194,,mares,r,976-31-1498,1983-05-09,220090 S 7TH ST,MINNEAPOLIS,MINNESOTA,55402,US,reinaldo@mares.com,(612) 336-4873
CRM,1123060,10009,9,,mary-ann,markes,,1899-12-31,1200 SUMMER ST #-103,STAMFORD,CONNECTICUT,06905,US,maryann@markes.com,(203) 967-5612
CRM,1313060,10010,9,,mary-ann,markes,,1993-11-18,1200 SUMMER ST APT #103,STAMFORD,CONNECTICUT,06905,US,maryann@markes.com,(203) 967-5612
CRM,1316294,10015,11,,ray,amason,933-15-1090,1975-12-16,3 DEPOT ST,WAPAKONETA,OHIO,45665,US,rey@amason.com,(419) 738-9241
CRM,1326294,10016,11,,ray,amason,933-15-1090,1975-12-16,3 DEPOT ST,WAPAKONETA,OHIO,45665,US,rey@amason.com,(419) 738-9241
CRM,1320830,10021,12,,jass,ellerbusch,585-96-9870,1991-12-11,73 S HAMILTON AVE,DOYLESTOWN,PENNSYLVANIA,18901,US,jass@ellerbusch.com,(215) 348-5078
CRM,1333590,10026,14,,john,edelman,,1976-09-03,591 REDWOOD HWY #-1200,MILL VALLEY,CALIFORNIA,94941,US,john@jedelman.com,(415) 381-9176
CRM,1350076,10030,18,,federico,popp,631-46-6958,1983-04-30,419 N CASCADE AVE,COLORADO SPRINGS,COLORADO,60603,US,federico@popp.com,(719) 635-5347
CRM,1353445,10032,24,,vernice,southwood,948-20-5524,1987-10-22,8 COMMERCIAL BLVD,MEDFORD,NEW YORK,11783,US,vernice@southwood.com,(631) 698-8293
CRM,1350480,10109,19,,quinn,mitchen,360-80-7860,1992-01-12,67616 DESERT VIEW AVE,DESERT HOT SPRINGS,CALIFORNIA,62240,US,quinn@mitchen.com,(760) 329-3382
CRM,1351779,10110,20,,lyman,wengel,502-29-7214,1986-01-02,1225 17TH ST,DENVER,COLORADO,60202,US,lyman@wengel.com,(303) 292-4338
CRM,1352226,10111,21,,lucinda,clingingsmith,486-31-7842,1993-03-18,91195 HANUA ST,KAPOLEI,HAWAII,68707,US,lucy@clingingsmith.com,(808) 682-3122
CRM,1352415,10112,22,,tuan,corbett,920-47-5281,1992-11-09,16 MAPLE ST,MECHANIC FALLS,MAINE,04258,US,tuan@corbett.com,(207) 345-7845
CRM,1352961,10113,23,,harry,elbers,657-49-2831,1995-11-17,106 T ST,EUREKA,CALIFORNIA,65501,US,harold@elbers.com,(707) 442-1642
CRM,1353814,10114,26,,ross,taulman,168-32-5112,1978-11-06,1201 3RD AVE #-3400,SEATTLE,WASHINGTON,66101,US,roscoe@taulman.com,(206) 682-4857
CRM,1363595,10042,37,,nola,girvan,,1980-04-10,1620 PAONIA ST,COLORADO SPRINGS,COLORADO,,US,nola@girvan.com,(719) 574-6245
CRM,1371322,10044,51,,deshawn,peters,217-80-1993,1982-09-18,125 NE 1ST AVE,OCALA,FLORIDA,34470,US,d@pedrogo.com,(217) 243-7667
CRM,1365204,10122,38,,wesley,sahagun,951-21-4063,1978-11-15,2404 W MERCURY BLVD,HAMPTON,VIRGINIA,,US,wesley@sahagun.com,(757) 827-1035
CRM,1366369,10123,39,,lisa,hilgeman,443-76-2679,1977-08-11,600 GRANT ST #-42,PITTSBURGH,PENNSYLVANIA,,US,elisa@hilgeman.com,(412) 566-1804
CRM,1409489,10174,53,,carroll,spark,325-59-6053,1992-02-08,500 S RANDALL ST,RHOME,TEXAS,76078,US,carroll@spark.com,636-2216
CRM,1375249,10046,61,,marquis,barayuga,,1985-01-30,2 ALLéE FLORIAN,TASSIN-LA-DEMI-LUNE,RHôNE,69160,France,marquis@barayuga.com,04 78 79 83 84
CRM,1380101,10048,69,,sara,johnson,237-24-5099,1997-10-17,,SAN RAFAEL,CALIFORNIA,,US,saraj@yahoo.com,(415) 472-3289
CRM,1374265,10137,59,,dale,balliew,517-40-9855,1980-10-14,216 BIRCH AVE,KENNETT SQUARE,PENNSYLVANIA,19348,US,dale@wallet.com,(610) 444-4527
CRM,1374473,10138,60,,buster,tukuafa,742-79-3759,1972-10-24,822 BARONNE AVE,NEW ORLEANS,LOUISIANA,70113,US,buster@tukuafa.com,(504) 522-0979
CRM,1376534,10139,63,,cortez,derer,951-85-1389,1976-12-21,1415 N 32ND AVE,FORT SMITH,ARKANSAS,72904,US,cortez@derer.com,(479) 785-7023
CRM,1376827,10140,64,,reginald,kososky,680-76-1657,1969-01-11,600 S INDIAN HILL AVE,CLAREMONT,CALIFORNIA,91711,US,reggie@kososky.com,(909) 625-9884
CRM,1386237,10057,85,,callie,aldaba,212-33-8685,1972-04-03,2151 RIVER PLAZA DR STE 105,SACRAMENTO,CALIFORNIA,95833,US,callie@aldaba.com,(916) 567-4449
CRM,1389553,10059,90,,fran,sahagun,407-16-8942,1972-07-22,220 S 6TH ST,MINNEAPOLIS,MINNESOTA,55402,US,francine@sahagun.com,(612) 340-7052
CRM,1390832,10061,92,,jake,schettler,,1983-05-09,10400 EATON PL #-401,FAIRFAX,VIRGINIA,22030,US,jake@schettler.com,(703) 591-4492
CRM,1385955,10152,83,,cal,taulman,736-12-9335,1984-03-31,PETROLEUM,WICHITA,KANSAS,67202,US,caleb@taulman.com,(316) 625-8492
CRM,1386206,10153,84,,kelley,taulman,281-25-8641,1976-09-06,1111 SUPERIOR AVE E,CLEVELAND,OHIO,44114,US,kelley@taulman.com,(216) 771-0715
CRM,1386547,10154,86,,alyce,mercury,395-24-5655,1973-08-29,108 N COLUMBUS ST,ALEXANDRIA,VIRGINIA,22314,US,alyce@mercury.com,(703) 548-7115
CRM,1388210,10155,88,,abe,corbett,505-79-3923,1986-10-06,12 S 12TH ST,PHILADELPHIA,PENNSYLVANIA,19107,US,abraham@corbett.com,(215) 627-9067
CRM,1388630,10156,89,,carmine,anadio,519-24-3777,1994-02-28,93 MAIN ST,ORONO,MAINE,04473,US,carmine@anadio.com,(207) 866-5602
CRM,1398375,10072,108,,mark,waters,585-39-8288,1980-06-15,2308 BATES AVE,CONCORD,CALIFORNIA,94520,US,mark@markwaters.com,(925) 682-6249
CRM,1402262,10075,114,,louis,kyle,323-81-3897,1988-05-23,9425 STENTON AVE,PHILADELPHIA,PENNSYLVANIA,19118,US,louis@kyle.com,(215) 233-0367
CRM,1404509,10077,117,,alanna p,resides,672-76-1800,1899-12-31,4892 RIVER ST. #102,DETROIT,MICHIGAN,48208,US,a@presidency.com,898-2211
CRM,1405405,10079,118,,lynda,bamfield,795-22-3150,1981-10-18,2094 WHITE PLAINS RD,BRONX,NEW YORK,10462,US,lynda@bamfield.com,(347) 430-2736
CRM,1397271,10165,106,,harlan,semrad,364-77-3494,1973-08-29,459 RIVER RD,BAY CITY,MICHIGAN,48708,US,harlan@semrad.com,(989) 893-3319
CRM,1398304,10166,107,,curt,cha,651-79-7882,1986-04-08,545 CHANCELLOR AVE,IRVINGTON,NEW JERSEY,07111,US,curtis@cha.com,(973) 372-5969
CRM,1399550,10167,110,,dixie,jackowiak,776-66-7217,1983-12-16,18017 ROSELAND RD,CLEVELAND,OHIO,44112,US,dixie@jackowiak.com,(216) 531-6191
CRM,1399801,10168,111,,jill,guzzetta,442-85-5714,1979-11-13,44 GALLOWAY RD,WARWICK,NEW YORK,10990,US,jill@guzzetta.com,986-1216
CRM,1400678,10169,112,,frannie,maggert,560-16-1778,1972-07-22,8000 COOPER AVE,RIDGEWOOD,NEW YORK,11385,US,fran@maggert.com,(718) 894-8022
CRM,1419718,10085,127,,antonia,mattos,,1973-07-01,3109 MAIN AVE #210,MELBOURNE,FLORIDA,32901,US,toni@mattos.com,(321) 727-6512
CRM,1433728,10091,137,,saul,rave,649-29-3863,1986-04-09,1500 N 13TH ST,READING,PENNSYLVANIA,19604,US,saul@rave.com,(484) 375-7261
CRM,1987232,10093,148,,anthony,roberts,771-88-9632,1952-09-07,1555 S GREENWOOD AVE,MONTEBELLO,CALIFORNIA,90640,US,anthonyroberts@gmail.com,(323) 887-4889
CRM,1421940,10179,130,,prince,schettler,745-88-7704,1981-03-28,412 FRONT ST,BEAUFORT,NORTH CAROLINA,28516,US,prince@schettler.com,728-0135
CRM,1422294,10180,131,,buford,cacace,929-59-1885,1973-04-27,1030 US HIGHWAY 46,CLIFTON,NEW JERSEY,07013,US,buford@cacace.com,773-8628
CRM,1423914,10181,133,,clo,anadio,432-91-4432,1985-10-08,114 N MAIN ST,MULLICA HILL,NEW JERSEY,08062,US,chloe@anadio.com,478-4036
CRM,1428529,10182,135,,chang,svec,930-64-5708,1989-12-14,3416 S 48TH ST #-6,PHOENIX,ARIZONA,85040,US,chang@svec.com,968-2792
CRM,1429646,10183,136,,huey,gouker,780-92-6273,1990-10-27,100 HABERSHAM DR,FAYETTEVILLE,GEORGIA,30214,US,huey@gouker.com,461-4303
MKT,1351755,10190,150,,billie,pedro,234-53-2478,1973-01-31,845 E 73RD AVE,DENVER,COLORADO,60226,US,billie@pedro.com,(303) 288-4159
MKT,1352605,10191,151,,cassie,sandrowicz,764-58-3930,1984-01-19,HOWELLS RD,MIDDLETOWN,NEW YORK,10640,US,carrie@sandrowicz.com,(845) 344-5941
MKT,1353360,10192,152,,linda,pelham,599-30-9096,1990-08-21,OLD HWY #-72,CHEROKEE,ALABAMA,35818,US,melinda@pelham.com,(256) 360-5870
MKT,1353826,10193,153,,teri,neundorfer,590-89-3615,1983-11-09,601 W MAIN #-815,SPOKANE,WASHINGTON,66201,US,teri@neundorfer.com,(509) 838-6142
MKT,1354026,10194,154,,willy,okimoto,973-55-7636,1990-05-18,17 HANOVER RD,FLORHAM PARK,NEW JERSEY,07632,US,willy@okimoto.com,(973) 822-8978
MKT,1355044,10195,155,,lexi,derer,449-56-5297,1986-07-20,RT 111,HOLLIS,NEW HAMPSHIRE,03046,US,alexis@derer.com,(603) 883-6221
MKT,1356989,10196,157,,lino,sultaire,287-23-4924,1986-07-20,1400 N WOODWARD AVE #-200,BLOOMFIELD HILLS,MICHIGAN,46304,US,lino@sultaire.com,(248) 647-7623
MKT,1377623,10098,186,,emilio,michaels,219-20-4634,1979-06-09,108 W RANDOLPH AVE,ENID,OKLAHOMA,73701,US,michaels@gouker.com,(580) 233-9834
MKT,1379608,10099,192,,harry,masters,200-40-6182,1978-12-04,7220 WOODLAND DR,INDIANAPOLIS,INDIANA,46278,US,harry@icloudnet.com,(317) 290-2614
MKT,1370265,10205,173,,betsy,pravata,549-59-7385,1987-12-12,659 S RIVER AVE,AURORA,ILLINOIS,60506,US,betsy@pravata.com,(630) 801-2462
MKT,1372469,10206,174,,billie,balliew,511-15-6389,1975-12-09,200 MAIN AVE,FALMOUTH,MASSACHUSETTS,02540,US,billie@wallet.com,(508) 548-4717
MKT,1372958,10207,175,,leann,creecy,206-34-5526,1974-03-17,3850 W 20TH AVE,CLEVELAND,OHIO,44109,US,leann@creecy.com,(216) 749-0767
MKT,1381567,10220,195,,earnestine,waetzig,137-98-3962,1992-02-25,16161 BROOKPARK RD,BROOK PARK,OHIO,44142,US,earnestine@waetzig.com,(216) 267-1844
MKT,1381873,10221,197,,omer,averhart,423-85-6129,1981-01-09,400 CAPITOL MALL,SACRAMENTO,CALIFORNIA,95814,US,omer@averhart.com,(916) 927-6221
MKT,1382583,10222,198,,aimee,pulkrabek,603-41-1070,1987-09-28,2211 PARSONS AVE,COLUMBUS,OHIO,43207,US,aimee@pulkrabek.com,(614) 445-5812
MKT,1382655,10223,199,,latonya,odegard,657-70-5429,1991-03-09,4499 RUFFIN RD,SAN DIEGO,CALIFORNIA,92123,US,latonya@odegard.com,(858) 277-6570
MKT,1385863,10224,202,,mario,averhart,584-43-4193,1986-01-05,111 LYON ST NW,GRAND RAPIDS,MICHIGAN,49503,US,mario@averhart.com,752-3959
MKT,1386889,10225,203,,porfirio,creecy,546-64-7959,1976-05-24,1440 POPLAR AVE,MEMPHIS,TENNESSEE,38104,US,porfirio@creecy.com,(901) 272-9572
MKT,1396700,10238,218,,ross,glueckert,951-60-7115,1984-03-31,1106 E 3RD ST,DAYTON,OHIO,45402,US,ross@glueckert.com,(937) 228-3007
MKT,1396727,10239,219,,dustin,hysmith,871-12-2634,1976-09-06,6371 BURNT POPLAR RD,GREENSBORO,NORTH CAROLINA,27409,US,dustin@hysmith.com,(336) 852-6077
MKT,1397394,10240,220,,o,tukuafa,473-74-5564,1976-05-24,6805 CAPITOL HWY #-32,AUSTIN,TEXAS,78731,US,octavio@tukuafa.com,(512) 327-8399
MKT,1398218,10241,221,,mohammed,mikell,992-10-6879,1985-08-05,BOX #-1092,CRESCENT CITY,CALIFORNIA,95531,US,mohammed@mikell.com,(707) 464-9425
MKT,1398717,10242,222,,justina,ubaldo,300-23-3433,1985-01-30,320 W FRONT ST,MEDIA,PENNSYLVANIA,19063,US,justina@ubaldo.com,(610) 565-9373
MKT,1405814,10247,231,,tina,poitier,,1980-04-01,2571 TIMBER LN,DAYTON,OHIO,45414,US,christine@poitier.com,277-1814
MKT,1381582,10011,9,,mary-ann,markes,218-33-0349,1899-12-31,1200 SUMMER ST #103,STAMFORD,CONNECTICUT,06905,US,maryann@markes.com,(203) 967-5612
CRM,1373064,10012,9,,mary-ann,markes,218-33-0348,1993-11-18,1200 SUMMER ST #-103,STAMFORD,CONNECTICUT,06905,US,maryann@markes.com,(203) 967-5612
CRM,1383060,10013,9,,mary-ann,markes,,1993-11-18,1200 SUMMER ST,STAMFORD,CONNECTICUT,06905,US,maryann@markes.com,(203) 967-5612
CRM,1483060,10014,9,,mary-ann,markes,218-33-0348,1993-11-18,1200 SUMMER ST #103,STAMFORD,CONNECTICUT,06905,US,maryann@markes.com,(203) 967-5612
CRM,1336294,10017,11,,ray,amason,933-15-1090,1975-12-16,3 DEPOT ST,WAPAKONETA,OHIO,45665,US,ray@amason.com,(419) 738-9241
MKT,1420684,10255,242,,delmar,quimby,633-22-6397,1981-08-03,212 W GIBSON DR,GREENVILLE,MICHIGAN,48838,US,delmar@quimby.com,754-6715
MKT,1424076,10256,244,,burl,maggert,374-22-4029,1993-02-09,129 LOCKWOOD ST,NEWARK,NEW JERSEY,07105,US,burl@maggert.com,589-0421
MKT,1428866,10257,248,,shauna,ellerbusch,110-35-6626,1985-03-18,1042 IH 35 E,NEW BRAUNFELS,TEXAS,78130,US,shauna@ellerbusch.com,2591
MKT,1429319,10258,249,,oscar,graniela,912-83-8430,1990-03-22,6905 E US HIGHWAY 87,SAN ANTONIO,TEXAS,78263,US,oscar@graniela.com,648-7659
MKT,1429729,10259,250,,cissy,hysmith,628-61-9471,1983-09-26,3200 W MARKET ST #-108,AKRON,OHIO,44333,US,cecilia@hysmith.com,864-0619
MKT,1432608,10260,251,,merle,cha,302-89-2694,1986-11-26,450 S AUSTRALIAN AVE,WEST PALM BEACH,FLORIDA,33401,US,merle@cha.com,832-1820
MKT,1433965,10261,252,,ronnie,ellerbusch,134-45-7905,1995-06-02,1126 17TH AVE,MONROE,WISCONSIN,53566,US,ron@ellerbusch.com,325-2068
MKT,1321830,10025,12,,jass,ellerbusch,585-96-9870,1991-12-11,73 S HAMILTON AVE,DOYLESTOWN,PENNSYLVANIA,18901,US,jass@ellerbusch.com,(215) 348-5078
CRM,1333591,10027,14,,john,edelman,905-96-5314,1976-09-03,591 REDWOOD HWY #200,MILL VALLEY,CALIFORNIA,94941,US,john@jedelman.com,(415) 381-9176
MKT,1356294,10018,11,,ray,amason,283-51-4212,1975-12-16,3 DEPOT ST,WAPAKONETA,OHIO,45665,US,rey@amason.com,(419) 738-9241
MKT,1364608,10020,11,,rey,amason,283-51-4212,1975-12-16,3 DEPOT ST,WAPAKONETA,OHIO,,US,rey@amason.com,(419) 738-9241
CRM,1334125,10022,12,,jasmine,ellerbusch,585-96-9870,1991-12-11,73 S HAMILTON AVE,DOYLESTOWN,PENNSYLVANIA,18901,US,jass@ellerbusch.com,(215) 348-5078
CRM,1370125,10023,12,,jasmine,ellerbusch,585-96-9870,1991-12-11,73 S HAMILTON AVE,DOYLESTOWN,PENNSYLVANIA,18901,US,jass@ellerbusch.com,(215) 348-5078
CRM,1370830,10024,12,,jass,ellerbusch,,1991-12-11,73 S HAMILTON AVE,DOYLESTOWN,PENNSYLVANIA,18901,US,jass@ellerbusch.com,(215) 348-5078
CRM,1383590,10028,14,,john,edelman,905-96-5314,1976-09-03,591 REDWOOD HIGHWAY #1200,MILL VALLEY,CALIFORNIA,94941,US,john@jedelman.com,(415) 381-9176
MKT,1404880,10029,14,,john,edelman,905-96-5314,1976-09-03,591 REDWOOD HWY STE 1200,MILL VALLEY,CALIFORNIA,94941,US,john@jedelman.com,(415) 381-9176
MKT,1395419,10031,18,,federico,popp,631-46-6958,1984-05-10,419 N CASCADE AVE,COLORADO SPRINGS,COLORADO,80903,US,federico@popp.com,(719) 635-5347
MKT,1376987,10033,24,,vernice,southwood,948-20-5524,1987-10-22,8 COMMERCIAL AVE,MEDFORD,NEW YORK,11763,US,vernice@southwood.com,(631) 698-8293
CRM,1353672,10034,25,,angelica,aldaba,992-13-6271,1986-11-23,1427 NW DAVIS ST,PORTLAND,OREGON,67206,US,angelica@aldaba.com,(503) 228-3027
CRM,1406729,10035,25,,angelica,aldaba,992-13-6271,1986-11-23,1427 NW DAVIS ST,PORTLAND,OREGON,67206,US,angelia@aldaba.com,(503) 228-3027
CRM,1355424,10036,27,,liza,assante,559-56-8906,1981-12-03,8589 DARROW RD,TWINSBURG,OHIO,44067,US,liza@assante.com,(330) 425-7382
CRM,1426631,10037,27,,liza,assante,559-56-8906,1981-12-03,8589 DARROW RD,TWINSBURG,OHIO,44087,US,liza@assante.com,425-7382
CRM,1357165,10038,32,,caroline,lapalme,345-92-3352,1991-03-26,4910 DEPARTURE DR,RALEIGH,NORTH CAROLINA,27616,US,carol.lapalme@yahoo.com,(919) 876-7612
MKT,1380531,10039,32,,carol,lapalme,345-92-3352,1991-03-26,4910 DEPARTURE DR,RALEIGH,NORTH CAROLINA,27616,US,carol.lapalme@yahoo.com,(919) 876-7612
CRM,1355739,10115,28,,weldon,odegard,311-61-2771,1985-08-07,6822 ACADEMY PKWY W,ALBUQUERQUE,NEW MEXICO,67106,US,weldon@odegard.com,(505) 345-1780
CRM,1356431,10116,29,,dino,mitchen,647-54-1452,1983-01-11,400 N PENNSYLVANIA AVE #-500,ROSWELL,NEW MEXICO,66201,US,dino@mitchen.com,(505) 622-3923
CRM,1356506,10117,30,,katharine,sankar,100-33-2917,1977-02-09,5122 LEWIS AVE,TOLEDO,OHIO,43812,US,katharine@sankar.com,(419) 476-7118
CRM,1356510,10118,31,,faye,mcgrue,568-12-1704,1983-06-13,1120 20TH ST NW,WASHINGTON,DC,20038,US,faye@mcgrue.com,(202) 962-9236
CRM,1363457,10040,36,,zay,hendel,970-12-1028,1979-08-01,2332 E DIVISION ST,SPRINGFIELD,MISSOURI,,US,isaiah@hendel.com,(417) 864-1286
MKT,1383342,10041,36,,zay,hendel,970-12-1028,1976-09-03,2332 E DIVISION ST,SPRINGFIELD,MISSOURI,65803,US,isaiah@hendel.com,(417) 864-1286
MKT,1368178,10043,37,,nola,girvan,811-45-2100,1980-04-10,1620 PAONIA AVE,COLORADO SPRINGS,COLORADO,80915,US,nola@girvan.com,(719) 574-6245
CRM,1436978,10045,51,,deshawn,peters,217-80-1993,1982-09-18,125 NE 1ST AVE,OCALA,FLORIDA,34470,US,d@pedrogo.com,(217) 243-7667
CRM,1388087,10047,61,,marquis,barayuga,,1985-01-30,2 ALLéE FLORIAN,TASSIN-LA-DEMI-LUNE,RHôNE,69160,France,marquis@barayuga.com,04 78 79 83 84
CRM,1399446,10049,69,,sara,johnson,237-24-5099,1994-02-28,90 MITCHELL BLVD #201,SAN RAFAEL,CALIFORNIA,94903,US,saraj@yahoo.com,(415) 472-3289
MKT,1409934,10050,69,,sarah,johnson,237-24-5099,1997-10-17,90 MITCHELL BLVD,SAN RAFAEL,CALIFORNIA,94903,US,saraj@yahoo.com,472-3289
CRM,1380327,10051,70,,emilie,svec,,1991-09-04,2222 W GRANDVIEW BLVD,ERIE,PENNSYLVANIA,16506,US,emilie@svec.com,(814) 833-6073
CRM,1385755,10052,70,,emily,svec,621-78-4238,1991-09-04,2222 W GRANDVIEW BLVD,ERIE,PENNSYLVANIA,16506,US,emilie@svec.com,(814) 833-6073
CRM,1381799,10053,74,,julianna,quimby,281-83-5025,1989-08-05,615 FRANKLIN TPKE,RIDGEWOOD,NEW JERSEY,07450,US,juliana@quimby.com,(201) 444-6741
MKT,1401213,10054,74,,juliana,quimby,284-11-7213,1977-06-17,615 FRANKLIN TPKE,RIDGEWOOD,NEW JERSEY,07450,US,juliana@quimby.com,(201) 444-6741
CRM,1385517,10055,81,,mike,larue,,1991-09-04,109 N MAYO ST,AMERICUS,GEORGIA,31709,US,mikelarue@amason.com,(229) 924-2487
MKT,1427534,10056,81,,mike,larue,,1992-09-04,109 N MAYO ST,AMERICUS,GEORGIA,31709,US,mikelarue@amason.com,(229) 924-2487
MKT,1438732,10058,85,,callie,aldaba,212-33-8685,1972-04-03,2151 RIVER PLAZA DR STE 105,SACRAMENTO,CALIFORNIA,95833,US,callie@aldaba.com,(916) 567-4449
MKT,1367261,10060,90,,fran,sahagun,407-16-8942,1981-11-17,220 S 6TH AVE,MINNEAPOLIS,MINNESOTA,55402,US,francine@sahagun.com,(612) 340-7052
MKT,1363938,10062,92,,jake,schettler,389-18-7431,1979-08-26,10400 EATON PL #-401,FAIRFAX,VIRGINIA,,US,jake@schettler.com,(703) 591-4492
CRM,1391755,10063,95,,ken,robaina,,1972-04-03,1455 91ST AVE NE,MINNEAPOLIS,MINNESOTA,55449,US,ken.robaina@gmail.com,(763) 780-4712
CRM,1394755,10064,95,,ken,robaina,,1972-04-03,1455 91ST AVE NE,MINNEAPOLIS,MINNESOTA,,US,ken@robaina.com,(763) 780-4712
CRM,1395755,10067,95,,kenneth,robaina,,1972-04-04,1456 91ST AVE NE #12,MINNEAPOLIS,MINNESOTA,,US,ken.robaina@gmail.com,(763) 780-4712
CRM,1396755,10065,95,,kenneth,robaina,642-58-4131,,1455 91ST AVE NE APT 12,MINNEAPOLIS,MINNESOTA,55449,US,ken.robaina@gmail.com,(763) 780-4712
MKT,1363548,10066,95,,kenneth,robaina,642-58-4131,1972-04-03,1455 91ST AVE NE APT. 12,MINNEAPOLIS,MINNESOTA,55449,US,ken@robaina.com,
CRM,1392506,10068,100,,latonia,williams,731-32-6965,1991-03-09,7600 OLDE EIGHT RD,HUDSON,OHIO,44236,US,latonia.williams@yahoo.com,(330) 656-1030
MKT,1357114,10069,100,,latonia,williams,731-32-6965,1986-07-18,7600 OLDE EIGHT RD,HUDSON,OHIO,44236,US,latonia.williams@yahoo.com,(330) 656-1030
CRM,1393125,10070,102,,jude,warstler,,1986-09-30,205 MADISON AVE,SCRANTON,PENNSYLVANIA,18503,US,jude@warstler.com,(570) 346-7206
MKT,1413179,10071,102,,jude,warstler,425-37-2578,1975-10-24,205 MADISON AVE,SCRANTON,PENNSYLVANIA,18503,US,jude@warstler.com,346-7206
MKT,1379005,10073,108,,mark,waters,585-39-8288,1980-06-15,2308 BATES AVE,CONCORD,CALIFORNIA,94520,US,mark@markwaters.com,(925) 682-6249
CRM,1422971,10074,108,,mark,waters,585-39-8288,1980-06-15,2308 BATES AVE,CONCORD,CALIFORNIA,94520,US,markwaters@gmail.com,682-6249
MKT,1363038,10076,114,,lois,kyle,967-16-3491,1972-03-13,9425 STENTON AVE,PHILADELPHIA,PENNSYLVANIA,19118,US,lois@kyle.com,(215) 233-0367
MKT,1374707,10078,117,,alanna,resides,672-76-1800,1899-12-31,4892 RIVER,DETROIT,MICHIGAN, ,,a@presidency.com,(618) 594-3207
MKT,1422861,10080,118,,linda,bamfield,,1981-10-18,2094 WHITE PLAINS RD,BRONX,NEW YORK,10462,US,lynda@bamfield.com,(347) 430-2736
CRM,1408146,10081,120,,josef,taulman,,1989-04-29,1620 ASHEVILLE HWY,HENDERSONVILLE,NORTH CAROLINA,28791,US,josef@taulman.com,693-9775
MKT,1425478,10082,120,,josef,taulman,674-19-1624,1989-04-29,1620 ASHEVILLE HWY,HENDERSONVILLE,NORTH CAROLINA,28791,US,josef@taulman.com,693-9775
CRM,1418027,10083,126,,gail,taulman,,1971-12-10,5094 WESTBROOK RD,UNION CITY,GEORGIA,30291,US,gail@taulman.com,969-4377
CRM,1435348,10084,126,,gail,taulman,651-20-3113,1971-12-10,5094 WESTBROOK RD,UNION CITY,GEORGIA,30291,US,gail@taulman.com,969-4377
CRM,1419728,10086,127,,antonia,mattos,528-58-9553,1973-07-01,3109 MAIN AVE,MELBOURNE,FLORIDA,32901,US,toni@mattos.com,(321) 727-6512
CRM,1369708,10088,127,,toni,mattos,,1973-01-07,6703 SHADOW CREEK TRAIL,MELBOURNE,FLORIDA,32940,US,toni.mattos@tonimattos.com,(321) 727-6512
CRM,1419748,10089,127,,toni,mattos,,,6703 SHADOW CREEK TRAIL,MELBOURNE,FLORIDA,32940,US,toni.mattos@tonimattos.com,(321) 727-6512
MKT,1425005,10090,127,,toni,mattos,,,6703 SHADOW CREEK TRAIL,MELBOURNE,FLORIDA,32940,US,toni.mattos@tonimattos.com,(321) 727-6512
CRM,1469708,10087,127,,antonia,mattos,528-58-9553,1973-07-01,3109 MAIN AVE,MELBOURNE,FLORIDA,32901,US,toni.mattos@tonimattos.com,(321) 727-6512
MKT,1416366,10092,137,,saul,rave,649-29-3863,1986-04-19,1500 N 13TH ST,READING,PENNSYLVANIA,19604,US,saul@rave.com,(484) 375-7261
MKT,1383232,10094,148,,anthony,roberts,771-88-9632,1952-09-07,1555 S GREENWOOD AVE,MONTEBELLO,CALIFORNIA,90640,US,anthonyroberts@gmail.com,(323) 887-4889
MKT,1387232,10095,148,,anthony,roberts,391-29-7374,1986-03-14,1555 S GREENWOOD AVE,MONTEBELLO,CALIFORNIA,90640,US,tonyrobertsjr@gmail.com,(323) 887-4889
MKT,1379404,10096,186,,emily,michaels,743-71-5476,1983-05-09,108 W RANDOLPH AVE,ENID,OKLAHOMA,73701,US,michaels@gouker.com,(580) 233-9834
MKT,1399642,10097,186,,emily,michaels,743-71-5476,1983-05-09,108 W RANDOLPH AVE,ENID,OKLAHOMA,73701,US,michaels@gouker.com,(580) 233-9834
MKT,1398995,10100,192,,henry,masters,200-40-6182,1978-12-04,7220 WOODLAND DR,INDIANAPOLIS,INDIANA,46278,US,harry@icloudnet.com,(317) 290-2614
CRM,1358759,10119,33,,colton,rave,674-15-6146,1973-01-19,1644 N HONORE ST,CHICAGO,ILLINOIS,80822,US,colton@rave.com,(773) 486-5500
CRM,1359465,10120,34,,leif,defiguero,994-52-8898,1992-02-23,4097 W RAMSEY ST,BANNING,CALIFORNIA,62220,US,leif@defiguero.com,(951) 849-6891
CRM,1361292,10121,35,,virgie,geuder,853-20-5140,1980-09-05,1922 S LAREDO ST,SAN ANTONIO,TEXAS,76207,US,virgie@geuder.com,(210) 224-1698
CRM,1366458,10124,40,,earline,hendel,287-48-1265,1969-09-21,4850 RHAWN AVE,PHILADELPHIA,PENNSYLVANIA,19136,US,earline@hendel.com,(215) 338-6850
CRM,1366536,10125,41,,nelda,elbers,111-54-8188,1997-02-02,100 FEDERAL AVE,BOSTON,MASSACHUSETTS,02110,US,nelda@elbers.com,(617) 330-5446
CRM,1368072,10126,42,,sheena,missel,941-75-9295,1979-09-20,789 SHERMAN AVE,DENVER,COLORADO,80203,US,sheena@missel.com,(303) 860-0262
CRM,1368095,10127,43,,edmundo,resides,277-92-3725,1988-10-23,222 W 6TH AVE,JUNCTION CITY,KANSAS,66441,US,edmundo@presidency.com,(785) 762-2986
CRM,1368164,10128,44,,lu,geuder,575-61-4270,1984-07-03,429 THEMIS AVE,CAPE GIRARDEAU,MISSOURI,63701,US,luella@geuder.com,(573) 334-9416
CRM,1369203,10129,45,,lynn,willer,283-53-2401,1983-06-16,343 SANSOME AVE,SAN FRANCISCO,CALIFORNIA,94104,US,lynn@willer.com,(415) 981-1865
CRM,1370624,10130,48,,dan,lamoureux,757-26-6745,1978-12-09,810 W BRIDGE AVE,STREATOR,ILLINOIS,61364,US,daniel@lamoureux.com,(815) 672-0290
CRM,1370933,10131,50,,tina,maschak,283-26-8698,1988-03-12,210 N SAINT CLAIR AVE,DAYTON,OHIO,45402,US,christina@maschak.com,(937) 222-7228
CRM,1372230,10132,52,,jame,okimoto,184-89-1643,1983-10-23,210 S CARANCAHUA AVE,CORPUS CHRISTI,TEXAS,78401,US,jame@okimoto.com,(361) 889-6534
CRM,1372234,10133,54,,russ,schettler,657-18-4621,1981-07-22,689 W MAIN AVE,FREEHOLD,NEW JERSEY,07728,US,russell@schettler.com,(732) 409-1741
CRM,1372351,10134,55,,dan,runions,148-94-3957,1996-12-28,44 SCHOOL AVE,BOSTON,MASSACHUSETTS,02108,US,daniel@runions.com,(617) 367-6047
CRM,1373036,10135,56,,eloisa,resides,647-66-8094,1974-04-05,224 SAINT LOUIS AVE,EDWARDSVILLE,ILLINOIS,62025,US,eloisa@presidency.com,(618) 656-9506
CRM,1373060,10136,57,,hallie,lolli,249-96-8516,1976-12-20,320 NEW BRIDGE AVE,JACKSONVILLE,NORTH CAROLINA,28540,US,hallie@lolli.com,(910) 455-8087
CRM,1376927,10141,65,,lexi,assante,596-32-8212,1990-03-02,484 LINCOLN AVE,MIDDLESEX,NEW JERSEY,08846,US,alexis@assante.com,(732) 563-0191
CRM,1377537,10142,66,,mason,shabazz,333-60-2356,1974-04-19,89 E NATIONWIDE AVE,COLUMBUS,OHIO,43215,US,mason@shabazz.com,(614) 221-4018
CRM,1378963,10143,67,,jonah,bamfield,892-94-4443,1986-08-14,180 N STETSON AVE,CHICAGO,ILLINOIS,60601,US,jonah@bamfield.com,(312) 565-2859
CRM,1379472,10144,68,,ted,hilgeman,272-61-6179,1984-11-10,1 WHITNEY AVE,NEW HAVEN,CONNECTICUT,06510,US,edmund@hilgeman.com,(203) 865-1215
CRM,1380441,10145,71,,barnabas,summerset,275-62-9396,1987-05-24,5242 BOLSA AVE,HUNTINGTON BEACH,CALIFORNIA,92649,US,barney@summerset.com,(714) 897-5451
CRM,1381226,10146,72,,mose,pravata,585-94-2297,1969-02-15,1011 EDGEWATER AVE,RIDGEFIELD,NEW JERSEY,07657,US,mose@pravata.com,(201) 941-5345
CRM,1381797,10147,73,,pearlie,ellerbusch,488-52-2502,1991-05-15,2108 MENAUL BLVD NE,ALBUQUERQUE,NEW MEXICO,87107,US,pearlie@ellerbusch.com,(505) 889-8955
CRM,1381860,10148,75,,roy,semrad,122-52-8422,1969-07-16,6555 CARNEGIE AVE,CLEVELAND,OHIO,44103,US,roy@semrad.com,(216) 361-9627
CRM,1382839,10149,76,,kelly,graniela,434-89-5041,1899-12-31,925 L ST,SACRAMENTO,CALIFORNIA,95814,US,kelly@graniela.com,(916) 442-8885
CRM,1384577,10150,79,,roy,averhart,516-19-2273,1973-02-17,101 S SAN MATEO DR,SAN MATEO,CALIFORNIA,94401,US,roy@averhart.com,(650) 342-2438
CRM,1384862,10151,80,,eloisa,schaedler,829-19-3956,1977-11-17,191 PEACHTREE ST NE,ATLANTA,GEORGIA,30303,US,eloisa@schaedler.com,(404) 818-6870
CRM,1390591,10157,91,,lyle,hilgeman,981-39-4921,1991-03-26,115 N 20TH ST,TAMPA,FLORIDA,33605,US,lyle@hilgeman.com,(813) 248-1861
CRM,1391074,10158,93,,claude,averhart,511-99-9733,1969-02-15,49 S CARROLL ST,FREDERICK,MARYLAND,21701,US,claude@averhart.com,(301) 698-3706
CRM,1391721,10159,94,,alex,anadio,646-53-7605,1992-02-25,1651 W BASELINE RD,TEMPE,ARIZONA,85283,US,alexander@anadio.com,(480) 491-3109
CRM,1391914,10160,96,,thanh,spark,771-74-9982,1991-05-15,1800 IDS CTR,MINNEAPOLIS,MINNESOTA,55402,US,thanh@spark.com,(612) 339-5614
CRM,1392184,10161,97,,clare,poitier,422-95-5398,1969-07-16,28500 GREEN OAK DR,ROSEVILLE,MICHIGAN,48066,US,clair@poitier.com,(586) 296-0808
CRM,1392270,10162,98,,adele,mackson,180-77-9038,1981-01-09,15 PLEASANT AVE E,PARAMUS,NEW JERSEY,07652,US,adelaide@mackson.com,(201) 845-4885
CRM,1392285,10163,99,,quinton,svec,900-15-6539,1987-09-28,160 BELMONT AVE,GARFIELD,NEW JERSEY,07026,US,quinton@svec.com,(973) 772-6233
CRM,1392939,10164,101,,stacy,schettler,749-71-8416,1979-08-01,36 EXTON ST,SOUTH RIVER,NEW JERSEY,08882,US,stacy@schettler.com,(732) 254-0161
CRM,1402251,10170,113,,araceli,creecy,865-81-3669,1899-12-31,3701 34TH ST N,SAINT PETERSBURG,FLORIDA,33713,US,araceli@creecy.com,527-4935
CRM,1403451,10171,115,,chris,ubaldo,766-60-6315,1995-01-26,6840 N CUTTER CIR,PORTLAND,OREGON,97217,US,kris@ubaldo.com,240-0223
CRM,1403605,10172,116,,margarito,winland,735-44-3085,1982-01-05,1856 LOMBARDY DR,RAPID CITY,SOUTH DAKOTA,57701,US,margarito@winland.com,348-4444
CRM,1408293,10173,121,,j,kososky,932-71-1622,1989-06-19,100 WILSHIRE BLVD #-500,SANTA MONICA,CALIFORNIA,90401,US,j@kososky.com,458-6371
CRM,1410025,10175,122,,dell,tarka,771-86-1622,1978-02-24,KINGSBURY SQUA,ZEPHYR COVE,NEVADA,89448,US,adele@tarka.com,588-1343
CRM,1410141,10176,123,,britt,rave,430-89-8443,1979-02-05,2501 WAYZATA BLVD,MINNEAPOLIS,MINNESOTA,55405,US,britt@rave.com,377-6491
CRM,1412102,10177,124,,robbin,durham,624-94-9318,1990-12-27,105 W SUPERIOR ST,DULUTH,MINNESOTA,55802,US,robbin@durham.com,720-7716
CRM,1412528,10178,125,,migdalia,tukuafa,745-90-8900,1979-07-19,215 E HAWAII AVE,NAMPA,IDAHO,83686,US,migdalia@tukuafa.com,465-9237
CRM,1434531,10184,138,,lee,coday,742-10-9107,1982-04-10,27324 CAMINO CAPISTRANO #-153,LAGUNA NIGUEL,CALIFORNIA,92677,US,levi@coday.com,348-4985
CRM,1438474,10185,141,,dianne,kytle,128-67-1571,1981-09-07,3501 W LAKE RD,ABILENE,TEXAS,79601,US,dianne@kytle.com,(325) 672-6016
CRM,1438610,10186,142,,nettie,winland,564-28-5397,1977-10-14,222 N 3RD ST,YAKIMA,WASHINGTON,98901,US,natalie@winland.com,(509) 575-7812
CRM,1439057,10187,143,,zack,lessin,813-19-5008,1990-07-15,44800 INDUSTRIAL DR,FREMONT,CALIFORNIA,94538,US,zack@lessin.com,(510) 657-4870
CRM,1439566,10188,144,,reginald,temores,688-83-4192,1976-12-12,402 BNA DR,NASHVILLE,TENNESSEE,37217,US,reggie@temores.com,(615) 360-5493
CRM,1439594,10189,145,,kathie,kum,850-66-9932,1980-11-05,220 S BRDWAY,ROCHESTER,MINNESOTA,55904,US,kathie@kum.com,(507) 288-4102
MKT,1358864,10197,159,,evan,cacace,645-43-8653,1971-12-12,1400 OLD COUNTRY RD,WESTBURY,NEW YORK,11560,US,evan@cacace.com,(516) 997-9354
MKT,1362223,10198,160,,opal,roecker,860-24-4343,1975-11-14,27 WASHINGTON,WESTBOROUGH,MASSACHUSETTS,01561,US,opal@roecker.com,(508) 870-0435
MKT,1363200,10199,162,,karin,camell,334-52-5340,1975-06-15,CEDAR,MOUNTAIN GROVE,MISSOURI,,US,karin@caress.com,(417) 962-5985
MKT,1364655,10200,166,,jeri,willer,168-69-8233,1985-07-19,1660 S ALBION ST,DENVER,COLORADO,,US,jeri@willer.com,(303) 753-2153
MKT,1364815,10201,167,,chuck,mattos,914-26-2010,1985-09-11,137 FARNSWORTH AVE,BORDENTOWN,NEW JERSEY,,US,charlie@mattos.com,(609) 298-3130
MKT,1366323,10202,168,,ed,markes,110-25-9931,1970-06-11,2444 MADISON RD,CINCINNATI,OHIO,,US,elisa@markes.com,(513) 871-6770
MKT,1367021,10203,169,,nelly,graniela,767-71-2121,1991-03-09,925 L AVE,SACRAMENTO,CALIFORNIA,95814,US,e@graniela.com,91644288
MKT,1367501,10204,171,,shanna,seyfarth,938-22-1997,1970-08-01,631 GROVE AVE,JERSEY CITY,NEW JERSEY,07310,US,shanna@seyfarth.com,(201) 659-6516
MKT,1373514,10208,176,,aida,neundorfer,225-60-6605,1994-05-01,1200 MAIN AVE,KANSAS CITY,MISSOURI,64105,US,aida@neundorfer.com,374-9387
MKT,1373598,10209,177,,bryon,ubaldo,978-35-2165,1994-08-09,411 SW 24TH AVE,SAN ANTONIO,TEXAS,78207,US,bryon@ubaldo.com,(210) 436-9996
MKT,1374096,10210,178,,claudine,hudy,140-13-3280,1988-08-03,1540 S 21ST AVE,COLORADO SPRINGS,COLORADO,80904,US,claudine@hudy.com,(719) 633-3092
MKT,1374829,10211,180,,prince,anadio,148-32-1674,1988-07-18,100 BOXART AVE,ROCHESTER,NEW YORK,14612,US,prince@anadio.com,(585) 663-6442
MKT,1375542,10212,181,,cheri,defiguero,759-96-3334,1973-02-16,2844 FRESNO AVE,FRESNO,CALIFORNIA,93721,US,cheri@defiguero.com,(559) 486-5603
MKT,1375653,10213,182,,lino,maggert,839-80-7032,1978-11-30,6 BEACON AVE,BOSTON,MASSACHUSETTS,02108,US,lino@maggert.com,(617) 227-6545
MKT,1375815,10214,183,,florencio,michna,640-72-2852,1990-05-17,201 S MAIN AVE,SALT LAKE CITY,UTAH,84111,US,florencio@michna.com,(801) 536-1091
MKT,1376216,10215,184,,ashleigh,schiveley,970-35-6296,1997-01-29,111 N 2ND AVE,OLEAN,NEW YORK,14760,US,ashleigh@missel.com,(716) 372-9571
MKT,1378547,10216,187,,tonya,joehnck,764-30-1523,1993-01-21,30 7TH ST E #-510,SAINT PAUL,MINNESOTA,55101,US,tonya@joehnck.com,(651) 298-9175
MKT,1378817,10217,188,,patty,mitchen,326-87-8407,1980-04-19,220 PARK AVE S,SAINT CLOUD,MINNESOTA,56301,US,martha@mitchen.com,(320) 251-3787
MKT,1379537,10218,191,,david,camell,539-13-2039,1989-07-01,4 E 8TH ST #-200,WILMINGTON,DELAWARE,19801,US,dave@caress.com,(302) 655-4884
MKT,1387000,10226,204,,franklin,pappan,271-99-2384,1986-04-08,5 POST OAK PARK,HOUSTON,TEXAS,77027,US,frank@pappan.com,(713) 961-3153
MKT,1387710,10227,206,,sandra,lessin,446-39-1741,1985-01-30,401 B ST,SAN DIEGO,CALIFORNIA,92101,US,alexandria@lessin.com,(619) 687-1471
MKT,1388393,10228,207,,jose,gumm,607-53-1122,1978-12-04,198 S 2ND AVE,PIGGOTT,ARKANSAS,72454,US,jose@gmx.com,(870) 598-1132
MKT,1388559,10229,208,,lana,ramming,157-96-8404,1986-02-17,2930 CAROL RD,YORK,PENNSYLVANIA,17402,US,lana@ramming.com,(717) 840-9610
MKT,1388757,10230,209,,moises,lessin,468-72-8908,1983-12-16,3703 W HIGHWAY 14,OWATONNA,MINNESOTA,55060,US,moises@lessin.com,(507) 451-6685
MKT,1389085,10231,210,,bennie,lessin,558-22-6171,1981-11-17,2821 BRUNDAGE LN,BAKERSFIELD,CALIFORNIA,93304,US,bennie@lessin.com,(661) 324-1207
MKT,1389913,10232,211,,claudine,coday,720-49-9303,1977-06-17,EXIT #-21,STEVENS,PENNSYLVANIA,17578,US,claudine@coday.com,(717) 336-5449
MKT,1392031,10233,212,,t,polacek,797-17-3481,1989-08-05,1100 ALAKEA ST #-12,HONOLULU,HAWAII,96813,US,terri@polacek.com,(808) 237-6644
MKT,1392625,10234,213,,viv,jackowiak,187-99-5325,1899-12-31,1320 HODGES ST,RALEIGH,NORTH CAROLINA,27604,US,vivian@jackowiak.com,(919) 832-9928
MKT,1393026,10235,214,,cari,isaacson,208-61-1729,1976-09-03,820 LESTER AVE,SAINT JOSEPH,MICHIGAN,49085,US,cari@isaacson.com,(269) 983-2318
MKT,1393927,10236,215,,fred,tarka,202-13-7890,1973-02-17,BOX #-34506,HOUSTON,TEXAS,77234,US,willie@tarka.com,(713) 731-5570
MKT,1394793,10237,216,,isiah,durham,258-69-4409,1991-09-04,7427 ARLINGTON RD,BETHESDA,MARYLAND,20814,US,isiah@durham.com,(301) 986-1395
MKT,1398731,10243,223,,marlene,hilgeman,698-71-3263,1982-09-20,300 S 4TH ST #-1700,LAS VEGAS,NEVADA,89101,US,marlene@hilgeman.com,383-2994
MKT,1398789,10244,224,,leopoldo,michna,113-79-2637,1986-10-06,166 BOULDER DR,FITCHBURG,MASSACHUSETTS,01420,US,leopoldo@michna.com,(978) 343-6343
MKT,1399171,10245,226,,francesco,roecker,447-97-5557,1986-02-17,334 US HIGHWAY 46,WAYNE,NEW JERSEY,07470,US,francesco@roecker.com,(973) 890-9344
MKT,1399854,10246,228,,tammi,eilert,747-67-9417,1981-11-17,425 MALUNIU AVE #-B,KAILUA,HAWAII,96734,US,tammi@clerk.com,(808) 263-1923
MKT,1406654,10248,232,,dana,missel,104-80-6362,1987-02-10,2445 M ST NW,WASHINGTON,DC,20037,US,dana@missel.com,663-4512
MKT,1408222,10249,233,,eldon,lolli,526-86-2004,1997-09-27,8350 E MCDONALD DR,SCOTTSDALE,ARIZONA,85250,US,eldon@lolli.com,443-6788
MKT,1409121,10250,234,,nonie,pete,657-75-8228,1979-04-01,313 PRICE PL,MADISON,WISCONSIN,53705,US,nora@pete.com,231-6751
MKT,1410024,10251,236,,homer,southwood,100-74-1322,1995-06-01,1430 N MEACHAM RD,SCHAUMBURG,ILLINOIS,60173,US,homer@southwood.com,884-7511
MKT,1412252,10252,237,,alice,shabazz,556-72-6258,1985-09-12,16 S KETCHAM AVE,AMITYVILLE,NEW YORK,11701,US,alyce@shabazz.com,691-6477
MKT,1413527,10253,239,,daron,seyfarth,953-28-7468,1991-09-25,1211 SW 5TH AVE,PORTLAND,OREGON,97204,US,daron@seyfarth.com,796-4738
MKT,1414505,10254,240,,jarod,mercury,410-80-1433,1995-10-21,5901 N WESTERN AVE,OKLAHOMA CITY,OKLAHOMA,73118,US,jarod@mercury.com,2907
